title,link,published,fetched_at,summary,category,cities,names,relevance,raw_text_snippet
Polícia Civil deflagra operação contra o tráfico de drogas na Paraíba - Paraíba Já,https://news.google.com/rss/articles/CBMimwFBVV95cUxQaUh0VUpyTFNHNTZ6QXZEN2UwdXJrXzcyNE5pNlBjUXFpXzVUX0ozRW1INVFPVWQ1b2FaMGExc0x3WDhURGI1X2FoUWxtbmVQNVRsQjdQaWl6UWRFTXJOcTRZSUhGVWtBMmZ1NWFZV0VCNzVBTU5WWDNhVzBDUWkzaU1kSVJPZUlFeW9HaDNRYS03bjJqWm1aZjdsWQ?oc=5,"Tue, 04 Nov 2025 14:56:46 GMT",2025-11-04T18:59:19.254763,"Comprehensive up-to-date news coverage, aggregated from sources all over the world by Google News.",Tráfico,,Google News.,3,"Comprehensive up-to-date news coverage, aggregated from sources all over the world by Google News."
PRF na Paraíba retira 250 kg de queijo sem nota e em más condições de circulação e detém homem por tráfico de drogas - GOV.BR,https://news.google.com/rss/articles/CBMikwJBVV95cUxOWHljR0xBVm5IZjdWYmdmeWtsajBHcTZocW9PR0lLcE50V3pPODdFaFNab3ptT3hVbGRHdUlWNmMyRTNBMEYzWUN5SkptcW12aE9kZVNlZENENTM2YUM0eGJvVG1HQ3h2UTgxUHFKMGQxSGowaVdXNldZQzEzVG43UGRUQ2VpbjktcHZDSE16WWtkX1lEc2hEMUF1U19yWTlvYTh4aHctUWVrS0I2N0ZLUVdMcWJZUGo2OFJMZ3NoSGhZMWxXMXNYMVNSZk9sWUk2dEc0Y3pQbUl4QjlKY0RFdTIycGNyTDRCY205cWVFSnd4TEY5Sm5XVWpOU3hzbzJ2cUR5VEE1cnk0Y25yS2M1TWo5cw?oc=5,"Thu, 30 Oct 2025 12:37:55 GMT",2025-11-04T18:59:20.012447,"Comprehensive up-to-date news coverage, aggregated from sources all over the world by Google News.",Tráfico,,Google News.,3,"Comprehensive up-to-date news coverage, aggregated from sources all over the world by Google News."
"Oito homens são presos suspeitos de tráfico de drogas, na Paraíba - G1",https://news.google.com/rss/articles/CBMivgFBVV95cUxOdmlfWW55NW5CSng2QVRqaWVmRnVTa3pTNjlTTXREaGhhY1RRWUxqRGlPZ2h4V3lEdGNMQ2xZSS03LTBCT2Q4X1cxRjBVSEFaZWMwSGZiclRvQlJCekhXTWhxTTh4OEJJaTNBR0xoYTFKSkU3Sm9YWERKRDZpaUw1REw2OHduVkdiNXU2bTJIT2V5cThTbk5XX2FKdWJGYzhxWnJMRVpIUVRKSDhMeHFNa25BS3lOVzVGZm1jV09R0gHMAUFVX3lxTE9qdU1ZM1E2LTJvTnBVMjIxMUM1TFhqOVUzV2Q1S0xIRUNhVTF6UjBEVnNNb3lsNWszamV1WE03dEJmcGdWVG90RVpGXzhFNExxMWVaR2hpVU1kcktpRVY1QVd6QnhTLU1RMllEaDJRdWcteXotMGFBTHg4R0lRU0x4TklwNTIyMnZNTTNzUnlscnVJMVRUaTR4cVVRc1lkWGo1cnQxbDlYRGN2YTRja2x6bHZ4Tjluc0NYS2U0NUgtYXd3RkZodUM0RVVoXw?oc=5,"Mon, 27 Oct 2025 07:00:00 GMT",2025-11-04T18:59:21.016233,"Comprehensive up-to-date news coverage, aggregated from sources all over the world by Google News.",Tráfico,,Google News.,3,"Comprehensive up-to-date news coverage, aggregated from sources all over the world by Google News."
Ação conjunta da Forças de Segurança do Ceará e da Paraíba resulta na prisão suspeito de homicídio - policiacivil.ce.gov.br,https://news.google.com/rss/articles/CBMi3gFBVV95cUxQYjBCMnFxWk9qWkI3SjJucDVCMms4cU5nTFFQUlMtZTQtSHBjNmZGMmNNZGM1Vkk5SEp4WlBJSDBtdU84T2x5YUNyckhKWUMyTkc2N2ZHaC1yN3daNlB0TjEybTJiS3JFbWlBRWRUY1VVN1MtU3RxcnVFN0pFTG9sYjJOUHRnd2V1em9rS1pQb0Y4aGFLaEE5UlM0UDkzdkV2ZkhyRVFTQlNObHJMU1BYU3VWZXYwSjdKWFNkTDZxWjdOamxOd1pQYXBJN0RKbWttMVl4YmNGZ2pjcXNKb1E?oc=5,"Sat, 01 Nov 2025 21:22:00 GMT",2025-11-04T18:59:21.741495,"Comprehensive up-to-date news coverage, aggregated from sources all over the world by Google News.",Outro,,Google News.,2,"Comprehensive up-to-date news coverage, aggregated from sources all over the world by Google News."
Polícia Civil prende quatro e apreende drogas e armas em operação no Vale do Paraíba - THMais,https://news.google.com/rss/articles/CBMizgFBVV95cUxQTElzYXVFemc0NjFKNGFfUk5pcTZkYm1EU214bGdqLV9GbkFvUmN6SXNocEhEczQ3OFpMMkdKQVZzcE1rVFRXYk5tNnFiUC1ibGxMWVo1ODNpUjhrZDVrQ0Y4dElFUVdsSF9RZFhPUmRJcDdNUGtycXhPNFhLU0RIcDBGXzVrOEtoVnMzakFxMnpwT1JMY1JOYVhTWG5kcWNaVTNzcExFMkw2SG56X0hienRmZ0VaV0NlaEJKdGhFUE1DX2JMbk9KOVNwLVdmQQ?oc=5,"Tue, 04 Nov 2025 10:23:22 GMT",2025-11-04T18:59:22.506502,"Comprehensive up-to-date news coverage, aggregated from sources all over the world by Google News.",Tráfico,,Google News.,1,"Comprehensive up-to-date news coverage, aggregated from sources all over the world by Google News."
Traficante paraibano ligado ao Comando Vermelho é preso em embarcação no Rio de Janeiro - Jornal da Paraíba,https://news.google.com/rss/articles/CBMixwFBVV95cUxNMExBNUpTcW9TTG5hY3NVVzlXY2Juc0JxNzBJcDdyWFo2MHBoTUd2MlAzVnpic29tOWxzUGRLbDc0RzNHLWZnb1NkdGRBR3d0NVBkMlVOTWV1QTBBb2N1VXRfUWFmMENmUzZoYkMwdWM1R2pzRk1LX0ludGhJWGs5R2pQN0tYbVktTmRkWW0tNHpRSHFyVkhSQzJvV1A0NzdxTGM3bzJlMVVrNm1GVDZQbEZReGU0WEFqaUlDeGRmZ1hEXzlSNE9F0gHPAUFVX3lxTE1sTHV3UDFWLW42cUdCMnhjTXNKZ1lvOTBPWVhwaTNWVmR6M1BfRW05T1ItVTdYM292MEtEd0IxTDA2bWF4MGNLNG1nck1WSVhRX2c4Q3ZwUXhlWW1pSThfUkRJczQ0VkJzQ2NaWm5Kdl9sdHY3M3A1d19DZFhhd0o5YzRNMmpaN2pjdDEycnByakNtaGEyaWlPTXpjVWxlVjE3NkxvQWtuU2l3aVM1Z1YxM3BBUGxWN09wVDViclZ4NFl3Y3VWd0p2a2JwYWRvOA?oc=5,"Thu, 30 Oct 2025 20:48:52 GMT",2025-11-04T18:59:23.237385,"Comprehensive up-to-date news coverage, aggregated from sources all over the world by Google News.",Tráfico,,Google News.,3,"Comprehensive up-to-date news coverage, aggregated from sources all over the world by Google News."
Polícia Civil de SP prende 26 pessoas em operação contra tráfico de drogas no Vale do Paraíba - Agência SP,https://news.google.com/rss/articles/CBMixAFBVV95cUxOMklVS3NXVktSVENSdERwR2lOWmhSeDZCV0tKaG90Tjk0WGt4Tm42N042NU9IQ0x3SzhIbDBrb0RXNXZnVTVCWmotSnl6N1REMHJZNHd2dzN2TzZqOVY1MUdoRzBKX0p5TVRZTlZuQjM4SEtjUW42RVZ0bnk1eENpNFdfR2tncUFjZlBlNEtPWnlwQTFRT3g1bDA5WHdfQTlyTXVId3ljNjE1MjRHR05FbEJMNlhDQ2doTHZMZTk1QkdYVTIt?oc=5,"Fri, 03 Oct 2025 07:00:00 GMT",2025-11-04T18:59:23.975138,"Comprehensive up-to-date news coverage, aggregated from sources all over the world by Google News.",Tráfico,,Google News.,3,"Comprehensive up-to-date news coverage, aggregated from sources all over the world by Google News."
PRF na Paraíba prende foragido do Amazonas condenado por tráfico e associação criminosa; criminoso usava documento falso - GOV.BR,https://news.google.com/rss/articles/CBMilwJBVV95cUxNNkEzMGhfeEY1cHRnRHcyMS1sSjVBcE9lLTlQVFo0UjhSaDJkcU9DZlVlZDdkYW1tcDlzTHkxOFFWM2p0aUpBak15MnZaUURaczhTRC0tNHVFT2dITDVaLVluckJrbVRvMnl6eTdTQjlyTDFiaEhGeUpJVG5FakFOT1V3eF9aM1pjcUZ4R01iNjRDZkxKZGtBaFZWWDZ2LUl5WDQxbzJtZjVUZVU1RG4tcDZxTFh4akFpSWNmay1ucUI2OTdOSW9yT0FEWC1ETlY3UjYzNUVwT2I5aEV1Y28tLWNkME54RGpwRW1wSjYtVFBMR01yZUhJZl9YOFBsaHJNX0oyYjRER0FLLWdYdFFOM1FOOGZMb1E?oc=5,"Wed, 29 Oct 2025 11:47:27 GMT",2025-11-04T18:59:26.019494,"Comprehensive up-to-date news coverage, aggregated from sources all over the world by Google News.",Tráfico,,Google News.,2,"Comprehensive up-to-date news coverage, aggregated from sources all over the world by Google News."
"""Novinho"", chefe do tráfico da Paraíba, é preso no Rio de Janeiro - CNN Brasil",https://news.google.com/rss/articles/CBMisAFBVV95cUxNQkpuYjZNdVMzUzlfRWhhMlJVbHhHdnNCRFUwTFk3UV9VcWlrZklQSTJvblpNQ1g1YXZKdmRrdzNQNkVHd044aEJCTEZ4eTNRdnltTndpSE9NNFUxMlBxSjVJVlVwSXhqdDVWU09saUJwOV9fSy1QU1IzYzY3WTh1WWFpVlp4Z3hWQ1hJZEhoMzBkekwybU5TOVhla2E1THhKVFVPdFpMWk9jeHhXQXJGNA?oc=5,"Wed, 01 Oct 2025 07:00:00 GMT",2025-11-04T18:59:26.769179,"Comprehensive up-to-date news coverage, aggregated from sources all over the world by Google News.",Tráfico,,Google News.,2,"Comprehensive up-to-date news coverage, aggregated from sources all over the world by Google News."
Tráfico de Pessoas: 950 trabalhadores foram resgatados em situação análoga à escravidão na PB - Tribunal de Justiça da Paraíba,https://news.google.com/rss/articles/CBMiwgFBVV95cUxNZzZCS3dlS21PTUdGXzVfQVNJU2U2dF9uRmc1dlMyS0VSZWQ4SHBTYmJMSV9Ud0ZSOUVvOGdEUENWRkY4ZmpNVTlGZkdQaThGdHI0OFVvQWtlQ0lUTGoxSXZDTXEzcnVuMFpfTlI0ckxBRTZBZ2dXVncxeWdlaFBFYldZRFJPWEVTTHl6ZVFsLVUwOVFJcTZvUHBSYXBCZEw0ZV96M2dCY3FxLU4ycDZNR1Uxa1RpQ2F3aTRmdnBYTnA5QQ?oc=5,"Wed, 30 Jul 2025 07:00:00 GMT",2025-11-04T18:59:27.602145,"Comprehensive up-to-date news coverage, aggregated from sources all over the world by Google News.",Tráfico,,Google News.,2,"Comprehensive up-to-date news coverage, aggregated from sources all over the world by Google News."
"Arquiteta que vivia na PB é vítima de tráfico humano e está presa no Camboja, denuncia mãe - Jornal da Paraíba",https://news.google.com/rss/articles/CBMiyAFBVV95cUxPZS1ZTDNfN2lYN1gtVHFUZDNTd2tjXzE4UjRVZFltRUJXWVhYMWJrYTQ0N3BMTlh0VS16am1xczVjYUlYZy1wVnk0VjNzQWJwYlhMdDFZVE1zaU03V1FJVUFuUW5CaU5uUlZWQm10bi1ldHZSaXpXMVpqR2lFZGtqV1VzVkdNRW0tdkdQTlgtYWFiRzM4Z1BnRFZWNUxJbHZOWXJUdnZkQzVzakRQVmNBbzdpc3BVZXg0UDBEOER4R0lRajU2cTJzNtIB0AFBVV95cUxOYldIR0pzbzZONV95WXFnaUVNeUIxdVVpdEJPUXV6YmVhbXJSYTg0N3J0ZFo5R3VWLWctcmNhMjh3TWNGVDFqZ0lYVXZkZEtaUTFUZ3BXcGs0V2x3czZ5dHNyLTZPaWV4YkV5bHVJLUprbmxUVVVzUG03TXNia1Q0WjR5RmN6UUhXekpyakRBMThHeTRpVE5JcjhqeGxHcW9KaWFqd0ZiYVJKenB1OEdtSFlTR0xCVVY5RmVta18wU0xPTk1PWmEtUHZoSTc2eEtL?oc=5,"Sat, 18 Oct 2025 07:00:00 GMT",2025-11-04T18:59:28.340100,"Comprehensive up-to-date news coverage, aggregated from sources all over the world by Google News.",Tráfico,,Google News.,2,"Comprehensive up-to-date news coverage, aggregated from sources all over the world by Google News."
CASAL PRESO: Polícia Civil prende homem e mulher acusados de praticar tráfico de drogas no Sertão paraibano - policiacivil.pb.gov.br,https://news.google.com/rss/articles/CBMi3wFBVV95cUxOZmJPdHY3TVFCVFJtWlU2eldsR2FuVzNoLVlXdlJnWmZhaVJZdkZsSE85RXJRTHUtZkVWTHlYZFhSQmpQcnQzTFV5VGtFQnphNDMxZGNXV200ZnhzWG9MWE9scUNfLXlwaURmT1pONk5pcjN4Mnd4dk5hUUc2M0RoaDE3S2djbVhPc2xRbmpkeHdlM0V5TDJnamVWWDZvYWtZX3ZhaTlmUFhCOTA0TmtmZVlwU09Dd2s4bnpqdFFsQl9BY0RSdHNKTGxzdmo5OExocGhpbXZHUkFFektBZUc0?oc=5,"Fri, 11 Jul 2025 07:00:00 GMT",2025-11-04T18:59:29.100682,"Comprehensive up-to-date news coverage, aggregated from sources all over the world by Google News.",Tráfico,,Google News.,3,"Comprehensive up-to-date news coverage, aggregated from sources all over the world by Google News."
Homem procurado por tráfico de drogas na Paraíba é preso em Itapema — Polícia Rodoviária Federal - GOV.BR,https://news.google.com/rss/articles/CBMiygFBVV95cUxQTFJkeWFvQTc3azlKWkEwUDVtZ3Zfd0wyMjRMaWZYeWxFanVZcTR4QV90T3dtSjBDNU5ob3VFbDIyR2JlNm80OGhXbDZKdFVvMDVEc3lpalk2Sm9iZURwemdqMlZjamhPOG9EOWRyemFOb015SVdmZUpsSnlISzZHVmlUeUV3Y1JOalVfd0tQV0d0V3RIU0FuYnRxUXNXa3dvTGR2NHVwZWt1Y081SWhSMDZRRW5zeUNqU3JKSGQ1VEh4R1ROY1RWcTVn?oc=5,"Thu, 16 Oct 2025 16:25:00 GMT",2025-11-04T18:59:29.876791,"Comprehensive up-to-date news coverage, aggregated from sources all over the world by Google News.",Tráfico,,Google News.,3,"Comprehensive up-to-date news coverage, aggregated from sources all over the world by Google News."
Jovens apontados como gerente do tráfico e 'braço direito' são presos em Paraíba do Sul - G1,https://news.google.com/rss/articles/CBMi7gFBVV95cUxOMFAybXdnMHpCZlhfS1paQWVoSGdMWFFsU0VXQW1rX0VET2JSN2dsdUgtTDNsUXkyZ1BsT1hEOXlYa3NUY0NseFRocjNsYkRzR0o1VGRWWHp3UHRlWkUxcVg3a0NtczJyV0ZtZzFUd3RwaU9qam01U2dhdTJMa3EyajBQaUMwWmxvWUF2d05OMHEzcXRqMThwNTdNdG9ORGdQOE1yYzNQSXVPN2h4Z2wybEFMbzZtUnRQU3NPbEJWSnJPQ3E1QkxiOUxEZ3Y4QWNOU1hReERWUms3Qjc3eHhOU3pTTFdoWGRlLUJkdVRB0gH8AUFVX3lxTE9oZVhiZElud0txUWlGZDN3cTRkV1BCVXYybGgwSW8yMURwV3NIRTRMMlNKX3JoUUpaa2pyeTJ2X0c2Q2cwMmxiMndwTWQzZjFsaGVKaWNyQUR3dFVxRXcwS0VLOWNoY0JZaG4xYTZnLV9KVkQyY0tJSzFTQlljSHdVZkNGV0cyVWVvWGhIS2tYV2JnOGhzelJWWDBpUE1hMmJ1YjVGdmlkT211LWJnSndrZWtxOXRvQkp2MlB4Z0FpWFpSZWtCajh4TE54SmJ3aXpvM0J5dk1sTUJGOUIwcjlMT195SE1DMzFkNUQ4NUJBLVhDRUdPbElSRnFiaw?oc=5,"Sat, 18 Oct 2025 07:00:00 GMT",2025-11-04T18:59:30.622943,"Comprehensive up-to-date news coverage, aggregated from sources all over the world by Google News.",Tráfico,,Google News.,2,"Comprehensive up-to-date news coverage, aggregated from sources all over the world by Google News."
Secretários são presos suspeitos pela morte de vereador na Paraíba - CNN Brasil,https://news.google.com/rss/articles/CBMiuAFBVV95cUxQMy0tX1NOWWIxZndiWVNGYXMwM2hCOWE5ZDZQZ3FPeXZmdXo4UURxbFplV3VzY1pXZ0tkQ1VZTXpFVURHOFBWbzh5eENiNjNxLUFTTGxpOFFTd0tZZWlYX2NYUW1STnVBbGpKWjFndk5kbHhyVVNid1NSZmdJN3kzM0JaUmZWQWFiVnkwazJiandMbjJjVWcxWm1saFlJU2R5Ukw0c3FvZjNHWm5POV83cDNUbWQ0emNo?oc=5,"Thu, 30 Oct 2025 11:16:20 GMT",2025-11-04T18:59:32.300157,"Comprehensive up-to-date news coverage, aggregated from sources all over the world by Google News.",Homicídio,,Google News.,1,"Comprehensive up-to-date news coverage, aggregated from sources all over the world by Google News."
Taxa de homicídios cai na Paraíba - A União,https://news.google.com/rss/articles/CBMiiwFBVV95cUxOenhCaVNIR01KQXo3elVSTzBWdWFaNk1DR3JBbm9TdHk4RjFHb0l3RzVJTE5GZnhmbld1eTExYWpmdExiUkR4cExlRjUwQ3N3dW1WTEFCZmhScEFiS3RfM0RRUE9HZGxPUVRpOUZSVXhsR0NNXzl1Z3o2cmFlSnZqUW9WS3V1YThOYTVj?oc=5,"Tue, 13 May 2025 07:00:00 GMT",2025-11-04T18:59:33.059145,"Comprehensive up-to-date news coverage, aggregated from sources all over the world by Google News.",Outro,,Google News.,2,"Comprehensive up-to-date news coverage, aggregated from sources all over the world by Google News."
Ministério Público da Paraíba - Em Caaporã: MPPB obtém condenação por homicídio qualificado e corrupção de menor - mppb.mp.br,https://news.google.com/rss/articles/CBMi6gFBVV95cUxNODVwY0w2UTBibkl4NWlRbXNXS1pzR1hzVGlLdExKQ0paaXU3UmZLOHBqTFczZ0JrRUgtR1pZZHJYbDdYMVlNQTFsdzk2SWgtdWZaeXV2UmtlU1AzRHkzZEN0b2pLd05DUklraHh3RktpQ3Q1S2Z5UWpWVi11Vl95ekZLcEVpc2lCT3FuOXFKNWJXdnFXVXR5VDJNTE8xMzI4UUJzVjBNcFk2WWc0WG5kd09xVmZJRkI5NGJRUzZXVG1LYnc4UFd3RHpVNXR4STJWQXlQQjl2dDlxdUQwdEZIN21Sd2ozVmQ0TUE?oc=5,"Thu, 16 Oct 2025 07:00:00 GMT",2025-11-04T18:59:34.286074,"Comprehensive up-to-date news coverage, aggregated from sources all over the world by Google News.",Outro,,Google News.,2,"Comprehensive up-to-date news coverage, aggregated from sources all over the world by Google News."
Tecnologia Smart City auxilia GCM na prisão de suspeito de homicídio em JP - Paraíba Já,https://news.google.com/rss/articles/CBMirgFBVV95cUxNazZmMnVOYzlKbEM1N29kRUxkQ0RVdDl2SWsyY3hhX09JVUZ2SWEzRnZRNzl3d29qZ0M5NHI5ckEtQ1RvbkhfVHBicVdkQ1NpRGlJQlFqelRKLUNvbnhibXkyNVpNa2VXM3ZQRGpIc3k1Z0NhdEwxUGs0NUJVWGlZWVZRU0ZGRFhrWjV4ZDRySE1sOXk1UTlpVVRJSWZ4ZTB4a1hMMGJQa2QyQTVsZmc?oc=5,"Tue, 04 Nov 2025 13:37:39 GMT",2025-11-04T18:59:35.039379,"Comprehensive up-to-date news coverage, aggregated from sources all over the world by Google News.",Outro,,Google News.,2,"Comprehensive up-to-date news coverage, aggregated from sources all over the world by Google News."
PIONEIRISMO: Polícia Civil da Paraíba apresenta no Rio Grande do Sul ferramenta que aperfeiçoa investigação preliminar dos crimes de homicídio - policiacivil.pb.gov.br,https://news.google.com/rss/articles/CBMikwJBVV95cUxPQnh2S3ZveEhveTBlZE5uNDRpY2JGSFNsTTNVZmg1ZjM1WVptWVk0d3RFZFplWE5mR3d3ejhBQnIzbEN4cmltdVlzZFQxTDFEU0swMTJ2M2xZSjVBeGVmVWQxV1F5ck5FaG5ORjF1VzZSUGFWd3AtVmdhQjRIdnBVUDMta0ZGTy1yWXJqMi1fdjAxTmF1MjF3bUIxTW1oU3lQRlk4MjJlMlVfakM5RVUzbzFFUEZpbFJReTRwaWlIeWJFeUo4X3otZnNab3kyNFJQc3NXZWszQ1dsWDhuQXp3QXhscmJycXFsYU14T0hXN3N4bDNoYUc3akU2Z2JGQ2tCRm5nS2tUZ1BpQjJPd0xGS0trdw?oc=5,"Fri, 22 Aug 2025 07:00:00 GMT",2025-11-04T18:59:35.774123,"Comprehensive up-to-date news coverage, aggregated from sources all over the world by Google News.",Operação Policial,,Google News.,2,"Comprehensive up-to-date news coverage, aggregated from sources all over the world by Google News."
Paraíba tem média de 3 assassinatos por dia em 2025 - G1,https://news.google.com/rss/articles/CBMirAFBVV95cUxOeGRaQ1NzVXhIYjVVc3l6eEZsb01rdmxMUThLSnZFa2E5YmdkT09SNVFhaDdzMl82djM4eDJpVExEZXlzanZ2a2xOWEE3RFZPQmUwTnZtaUp4eVhfWkwyYlI4Z0xpODQxSXQ0UTFmbGxfbU1EUmliM1ZOOUxtbHVnOHBpbl9rWXZNanpJMVlfeHFIeVhQVUxLZDNzOFhRekFtYjlkMG5tdXNDWGpP0gG7AUFVX3lxTE5EOUVNSXRXNklrNHdhdVZZZW9FUmFYa3BuVTZKbjZ3azZ0OHBHNEVXLU1qLTBaVkdJaml4STJ4dHBXejhTMURMZ1Z3ZEJoY2s1RVM3Qk9pSnNWMW9tZHRJaXhybXdyRm5OVFY5ZGkxNkdWd1Bad2VKcjVuSS1SUDdRems5cnhVNHFmd3lGMGVXRzA3TUgzYmJ6QXdPbW5uSkhnWi15QTJpQTFsMW5TWTJDQW12V254a2FWNWM?oc=5,"Sat, 01 Nov 2025 23:02:59 GMT",2025-11-04T18:59:37.710336,"Comprehensive up-to-date news coverage, aggregated from sources all over the world by Google News.",Homicídio,,Google News.,1,"Comprehensive up-to-date news coverage, aggregated from sources all over the world by Google News."
Vale do Paraíba | Homicídios | Região lidera interior de SP - MEON,https://news.google.com/rss/articles/CBMioAFBVV95cUxOVlZxWksyZHhCd2tvS3hfZ0c1YzEwN09LSjFiclA0Z2x2RnJSUHpnQThSQ0owamlnVjNNaUhRdU9RSVpDaFh5ZXltN1JmVDNmY3E1Y21ESXhhUFpJYTVfNWdNeHFUUVE4czNVeUR2MmxINzh0dy02dUtBcjhQNVN2MUc2ZzJ1cGNkY3l3cXhEOUhzZEhIbXRZNHpnWVZqbWtT?oc=5,"Sat, 01 Nov 2025 15:54:00 GMT",2025-11-04T18:59:38.470177,"Comprehensive up-to-date news coverage, aggregated from sources all over the world by Google News.",Outro,,Google News.,2,"Comprehensive up-to-date news coverage, aggregated from sources all over the world by Google News."
Suspeitos de assassinato de vereador na Paraíba são presos no RN - Agora RN,https://news.google.com/rss/articles/CBMifkFVX3lxTE1RMHFOR3NqUUVyVG9LTlVmMU0ySm0yME5IaFpKWmFhb0hrUExkUlg0djdILU5iV2ZtbVJqRVMxZ3pIYW5XVVJGMm9UeXl0SlJHRUpnc0dUVno2Y0dRcU11UDdYV1FBSnFIdTVxb196V2IzamNoMmRFVlMwUHdJZw?oc=5,"Sat, 01 Nov 2025 07:00:00 GMT",2025-11-04T18:59:39.468214,"Comprehensive up-to-date news coverage, aggregated from sources all over the world by Google News.",Homicídio,,Google News.,1,"Comprehensive up-to-date news coverage, aggregated from sources all over the world by Google News."
"Com 27 mortes em setembro, Vale do Paraíba ultrapassa 200 assassinatos em 2025 - G1",https://news.google.com/rss/articles/CBMi4wFBVV95cUxPckFYX3Z4X05Hckt2ZDJSMnBRdW41QTRla2FQZkFpcjFIOFRfeHEyYmhWZng4VFhPQXZXSUJ6bHNNZERGblBzdEQ2SzF3WnZNZnZsWVpldTJ1SUdySE9fSmJIZTZIckxCbXlvdnR1aVhpc0QwdS1oN2Vfb2lvZzM4bERhMGxFeVlaNVRaVnJ5MTZYamcwVTN0eDV3WUpOVFppTGQxNlhfaVJreXpRTXViSE4zQjdLVVRpNmNydnhnU2VoUHpZM1VBTFgtWWZFb08tVnZnNEJsMHZXMWdleXJsNGVMMNIB8gFBVV95cUxQMGgzbGdCR01BZl94RnJwUnFZTnkzb2Vsb0FBS2RndnQxU1FyTDRGMklvbzZuM3lYY05mTnZLa0RPQUlrdlpaU0VCX1ZTM3BDekVpV3RnZDdRcHNTQVppWkdTZ1hmQlBFY3QtY09neTk5QUgtUmtBVmpaczI0NlZxQUZXQ1NxSzZZaDFyYUtJYWtkVTZrc24zd3Y0WUNKZ1d3LWdZZkVhZnp2VFVfRmE1MW5LUmZ6V0dxWlA0NDZQaFVRcEpPbDBJdFA1WUZtc2RkNTAwczhRVVFlMFpHdjhpVUhyTGFIU3B6VTR3MVRzdzE2QQ?oc=5,"Fri, 31 Oct 2025 21:43:21 GMT",2025-11-04T18:59:40.239229,"Comprehensive up-to-date news coverage, aggregated from sources all over the world by Google News.",Homicídio,,Google News.,1,"Comprehensive up-to-date news coverage, aggregated from sources all over the world by Google News."
Principal alvo da megaoperação contra facção no RJ é paraibano e responde por 100 homicídios - Jornal da Paraíba,https://news.google.com/rss/articles/CBMizgFBVV95cUxOakFvNFZEalRvNmhEY1VFQlBabDNHMlNNcGhNOVU2M2R4eW5Qa0c5RHJzc3ZXVExPd2IwdHhlbkhzNlFmQjZ5UVZpRXd5X0hDa19uTjN4ZlozN0R6bGhHTnVHOXVEQ2RhQzNZVkgxZDRPSy1pOXZ1elRLcjB3TWRVUl9GWnczTHkyVmZwTzQ2TVN0dmYwVWVMVk5kZWl3a1FLXzZlbVBuNGtpLWxsa09uTWZGQmpsVVBtaGVCRW5iUHk4ZUtlZjh4bnpHcDZnd9IB1gFBVV95cUxPSmdERVBoV0NZUWZNeTVEcjNUeTlCM2Z0WVJmQzVkUGlSUzl3ZGFBRkUzckRfcW94THZFYmtMQUlTUGdodXUwZUwzb3BnLWIwdmdCbXNjcURFZk15RHNKWmlmaWtKR3Z2WXdTTHBLcFl2a0s0WmRSMXlPUDVfN0FyOWtTZUl5TDBLVmFFdDZwaVVjbG1Ka21MakZ5NHh2eWJaUkJWdzRobjlYM3liNzhYOWo1eVFfaG4tQktGclNnekNkV0JwSFIyNFJEVzZzb0JHWlpXZHZn?oc=5,"Wed, 29 Oct 2025 22:03:23 GMT",2025-11-04T18:59:41.256481,"Comprehensive up-to-date news coverage, aggregated from sources all over the world by Google News.",Operação Policial,,Google News.,4,"Comprehensive up-to-date news coverage, aggregated from sources all over the world by Google News."
INVESTIGAÇÃO: Nove grandes áreas da Paraíba apresentam 100% de elucidação de homicídios no primeiro bimestre de 2025; confira os locais - policiacivil.pb.gov.br,https://news.google.com/rss/articles/CBMihwJBVV95cUxOTFR2Z2twQTYtVVFHSFpScUF0ZGxoWnU4WUI1ejY1Um1fUFR0MHhPcHdMVkxCMkhUNUs2aWRkM3FmTGlYQzliLThuYS1MMXhIWG85bHlLbHRpOEpNTGlSQVdtNGFyYXU4c09rT2tsX2xkZmVFS21lSVB3VGlIQjFZaW8taF9EQkRlSDVVbnZnU2RQNGJmT1VIQWRkWXdBOFU3alI5a0hpNWtqck8yUm44TE9ZOVRFZ0RLRi05bEJMSC1YeV9RbDc3N0J0aEVoQlg5Q0NTRmctU3NJWGRZaFZ6YkxkTHBkV1ZpajZKOGtTQjdJU2kwUDBLNUY5Q19adU9GdG5zc2VaVQ?oc=5,"Tue, 10 Jun 2025 07:00:00 GMT",2025-11-04T18:59:41.988741,"Comprehensive up-to-date news coverage, aggregated from sources all over the world by Google News.",Outro,,Google News.,2,"Comprehensive up-to-date news coverage, aggregated from sources all over the world by Google News."
"Suspeito de assalto tenta fugir da polícia pelo rio Paraíba, mas termina preso - TNH1",https://news.google.com/rss/articles/CBMitAFBVV95cUxNTng4aGhQTmZQakNZS0FLaUZQZHk4bkljU2tCSnZEaWxXaHUtWXpsV19FRkM2bk1qNElIaHFFb1BKSjdQSFpoWWFnbDB1VGJLUkFQb0dLekd3TV9CSGhvWkRzRlBLdHlNMmEwemxzUEFNckUwV1lUakxTbVQzQ2htaVAwLUhqa2NmbUIwM3g3RmNzcU5RbmQwMElkZXRQQjJrcDFrWW42SlNOenVpUXN0MmxRNUzSAa8BQVVfeXFMT29PbUxEVEF4T1AwYnhVVlRsUUtBampRQkJ3ZG1CR2x6eE9qblpNTVBiQmQ3SDI0ejlrVThBYkRsSGE0azlycVlfZVdyVW1ta0NqYy1qUV9KdHd4VVI0Z3NpYWNHQTJOQVhtLUN1d3BwaENzRVltR2VhN2JtdEIteklYNU9OZmdydi1LMHpDa3BpOTJIWnN1V3RHVEoxYUZDc2Z5NGtSMXoyOTFuVmdyWQ?oc=5,"Fri, 31 Oct 2025 19:21:00 GMT",2025-11-04T18:59:43.731466,"Comprehensive up-to-date news coverage, aggregated from sources all over the world by Google News.",Operação Policial,,Google News.,2,"Comprehensive up-to-date news coverage, aggregated from sources all over the world by Google News."
Vídeo: Assalto em barbearia assusta clientes e funcionários na Paraíba - CNN Brasil,https://news.google.com/rss/articles/CBMivAFBVV95cUxQeXhNYl9iQTJtSUpCdTlzLVNNblFYWmpLUThZclQwdzdDUHFzRXk3aVNtc1ZlbW5VQ1lQU1lZVEhTWGhBRHdGTk9QMmV0SHlNWWo3c1Nod0RxWGUzbVBLdWVJVE4xTFNHQjZZNFQ0d1lCNk1JR1EtWVB0YTNlTU5OQktraGJGUDM3aF9scmZqc3dZcDk1OGF3Q00tNGdCSGtYU05qWElSNnF3REdqcWlUSWV5V3h5Q0F0U3BtaA?oc=5,"Mon, 18 Aug 2025 07:00:00 GMT",2025-11-04T18:59:44.738165,"Comprehensive up-to-date news coverage, aggregated from sources all over the world by Google News.",Roubo,,Google News.,2,"Comprehensive up-to-date news coverage, aggregated from sources all over the world by Google News."
"Roubo de veículos cai 13% no Vale do Paraíba, segundo a SSP - 012 News",https://news.google.com/rss/articles/CBMijgFBVV95cUxNZXlzN19JbWoxZ3Q0RjRDZzlmdlc0Yk4yYjNiSU54QlFyTi15OWpaTktJRDVmNjhvT2xXUDU3YVA1cm4tMGdOdkFLOTdVaVE1eTZDeWVQbzRIZGtpbUpVeHJKTml1ZnRnZThBd0lCTWJSdWxVZzJ5dVNGdGZHOU5oSDlia3pZd1VjaURIQXlB?oc=5,"Mon, 03 Nov 2025 12:41:09 GMT",2025-11-04T18:59:45.500773,"Comprehensive up-to-date news coverage, aggregated from sources all over the world by Google News.",Roubo,,Google News.,2,"Comprehensive up-to-date news coverage, aggregated from sources all over the world by Google News."
Dois homens são mortos após tentativa de assalto a juíza e policial militar no Agreste da Paraíba - G1,https://news.google.com/rss/articles/CBMi4wFBVV95cUxPWklBWl94V0RUVXkyYUtpbnA0cG9NeHlkR3JuekFmazU0NXJSYXdhaVFQbC1iQTlCZThkWUpxU3JiREdmV0Nkck5vbXJ6M0VFLWMxNTJnbVVxa1RtelBHTUJ4elZ0aWt1TmxFTWxMVmU5U0xHZzZ2dHUtcFpqVlpDaXpSN3Z4SVRCNkpzdVVXODJZQUFuLTI5VDFTd1B4WkNld2oyZXk1c0tNSlF2ZWdlYjh0ekdvRE9ucF9NVVl3bmMxSXF2d3ZNXzdxQXk0OVNYM1pVYWs1NlRSY3FGQl9GZWs3Y9IB8gFBVV95cUxOaE9rdldPWTRPM1M3Vnd0M1FINEtQaG1EbWlFYTh0NHllNERRWFpISTNyYm02bnZFbTJUenNwVmRJaXlQbHY5clBTLW5JWkktNGRBeXpnbi1rN3VpWGNTcjhuaFR1ZGVRbDdveXc2amNyeFJKYmNCNVluMHg0aFhPV2lDbmFENUxyRjNfd3ZtTzluS1R6c3ZUVjdFVTRpY01fRDNkRnFFVi1Tb3B6OEFBSHpDU0h0ZTBqTkpsY2d3NGpHRHE5Y0wwSzZqUnNpS1BzcmdFaGREV0hsT3VTMUhMZUY3TC1UMExJUnprWElKX2k4dw?oc=5,"Fri, 23 May 2025 07:00:00 GMT",2025-11-04T18:59:46.264695,"Comprehensive up-to-date news coverage, aggregated from sources all over the world by Google News.",Operação Policial,,Google News.,2,"Comprehensive up-to-date news coverage, aggregated from sources all over the world by Google News."
Homem é baleado após sofrer tentativa de assalto em Paraíba do Sul - G1,https://news.google.com/rss/articles/CBMiqAFBVV95cUxPQWdfRTRod3RiNE9yWU5YSzhsRC13azdNMjBQcjJacVBzNFpKSWJkRkM1S25FeURVZzJ5aTQ4bGlUVTBDVVF3cW94UEwzYWxUQzByaTJpcEZEU3NaMjdzYWRjbkRBLVNKQVdES1JfaF9hSjhBaTVkSXkwR3lYWnQyUTg2dDFRY2NfU2cxMFRWZS1zczR6NW1UYkJGaTVpUGhObFpIdjJpXzHSAbcBQVVfeXFMUHZhM1VycF9EUWczY1djWHJUZjlvcXJhN3h4QVhiTW5vSEJ0N1RlbVlHbVFHY2Rla2Y3Nkd2QmVoYk1ZOVFybUVZeDBRUEFyOU9TS1ZNcHVTSDh5OWFMOG15NWpuTXc0X2wzR0lsRnh6LVlPUUhBZ3kwWDFRaFpIUHU5aUJmQmJlYm1MTDhMNUJMN1hROU5mcm1qMWE5eGt1bGtSMUJVOGhvdHpWOUZBNE5VUjlaS3BZ?oc=5,"Sat, 21 Jun 2025 07:00:00 GMT",2025-11-04T18:59:48.013002,"Comprehensive up-to-date news coverage, aggregated from sources all over the world by Google News.",Roubo,,Google News.,2,"Comprehensive up-to-date news coverage, aggregated from sources all over the world by Google News."
Melhorar a segurança pública importa? O caso da Paraíba - JOTA Info,https://news.google.com/rss/articles/CBMi1AFBVV95cUxQakJ4RWNxSG8zb2NWRW5ncUtSRDB2bmFfck1xVmR3RFk5TlVyaURWNDZybjRYRGE0VzFOemZVT05uNk4zYlVOdFk0T0tGdG0tWFNPVjVkbHJHOW5rTDBuX0FlTGlOZXIxOHZFY0Rmb2Z5OHhQbUhBT094NUtVckZyUkxIV1Zia3AxQ201VEVZZ1hWcmhxNGhHY2R6UnlmaUVIaXRYUm04aEhxVWpTUnIza3JjRTNITEpHU1ZoMWljZ1ZOYTcwakxqWGI5TnVKakNUQTZreA?oc=5,"Tue, 04 Nov 2025 05:30:02 GMT",2025-11-04T18:59:49.644311,"Comprehensive up-to-date news coverage, aggregated from sources all over the world by Google News.",Outro,,Google News.,1,"Comprehensive up-to-date news coverage, aggregated from sources all over the world by Google News."
Quadrilha tenta roubar avião em aeroporto na Paraíba - CNN Brasil,https://news.google.com/rss/articles/CBMipgFBVV95cUxOd2hMMVBFdmhoWGVCQUxDWENqck03eFlsU0tqTUlmeEdhNlk2Rnp2Mkx4dElSdmNhSnhVY0ZvM0QxcDZvSXlwSkdCdTBpeGtjcml0X3JBUlNhclZaT1U0d0YtSVlDY3dTVVd5ak5UZ2NQakNielBJbVk3R0J4dGVPcDdRa2JMTUlHRDItLUludEtGMHlXWkoxNHMwVFpJbHVLTVR6TFRB?oc=5,"Mon, 13 Oct 2025 07:00:00 GMT",2025-11-04T18:59:50.644739,"Comprehensive up-to-date news coverage, aggregated from sources all over the world by Google News.",Outro,,Google News.,1,"Comprehensive up-to-date news coverage, aggregated from sources all over the world by Google News."
Região do Vale do Paraíba registra menor índice nos roubos e roubos de veículos - Band,https://news.google.com/rss/articles/CBMi0AFBVV95cUxOalNNN3VKaTJ1bUVIVzRHT1VROFZpWndIWjQxTUFuQzFnY2V6ckk3Tk9SeXVzQ1JyRHpGbGFBRm1JRTNBcDNrcF9fYnV3d0dvMkJmT2Y0SFRfTG5BRlpNSVdHRFlqVEx3SU9SVGpqRWJiR3ZQd2VZSXk0djBNSUdHVG5tTDU5U0QtQVpqSWpsNnJDYTJrNUJ0UlZzbmFEUlo1NTVUU2dGN2dmeEMxVVlJei1WakdvQ3htUkFIanY0VE0xekVQX2hvLVBzMWktV29N?oc=5,"Fri, 31 Oct 2025 15:41:00 GMT",2025-11-04T18:59:51.648887,"Comprehensive up-to-date news coverage, aggregated from sources all over the world by Google News.",Roubo,,Google News.,2,"Comprehensive up-to-date news coverage, aggregated from sources all over the world by Google News."
"Governo amplia Celular Seguro com alertas por WhatsApp. Paraíba registra aumento de 22,3% em furtos de celulares entre 2022 e 2023 - GOV.BR",https://news.google.com/rss/articles/CBMisAJBVV95cUxQblVNMmJpemZnZWhURUxCcm9nT0w5eURSclV3NFFHcTdrTUozWExWd2IxamNtdVpBUGczdmptb2VRSTlfYXh4SXJUdHpGajhnNWZkNFJTSWEtV0pjd29Qb0otTUR2TVhEY0lCN3p5NF9WMk9mS29MVzVvQjBsc3dteWw4VV9xME0zRkNkWjZRX2lESHNNNGhYNGU5WlltY3g3Rm5PNkllRUhVX19UZ2VCMncyN3ZrM1RqUWI4NVBnQk5GMy1LamJ1UHJqNjd1NWlIc1p6OW0ybDZxd2lRZDlsUzF4cThJdFNaQVdiWnlSdmM2bVVzNW1WaktpbUtWLUlYUlJqSUFhNGx1OS1UaUlPdDFDcG1QNlhacTc3NDlvZWhMTkFmMldycXlENkh6NWFa?oc=5,"Thu, 24 Apr 2025 07:00:00 GMT",2025-11-04T18:59:52.380031,"Comprehensive up-to-date news coverage, aggregated from sources all over the world by Google News.",Outro,,Google News.,1,"Comprehensive up-to-date news coverage, aggregated from sources all over the world by Google News."
Veículos com registro de roubo em São Paulo e na Paraíba são recuperados em Poções - ba.gov.br,https://news.google.com/rss/articles/CBMizAFBVV95cUxPQzdNellQRmZXbk8zQ01UTFRhdFViZDJSSDJiR216aHpLRV9JQm1aNHJmOU5vTmtlOHZSSXZlcnl6VzJnZ0wybmcyRno3VFdtNDBQNVRodVdYc1FieVNtWW9YYUlvVENyZ2tVNkdXTU41UVl3dlhSRE94U09NcGpTZ0JZQno0WEd0RTBaN096czd5UWQwOG5CalFjVjRKc3ZVc2dVRHkyM3FDYi1QTFBNaXlqbmQySmozOXc0NzJtQlFZRVZMalJtanFvOUE?oc=5,"Wed, 08 Oct 2025 07:00:00 GMT",2025-11-04T18:59:53.130358,"Comprehensive up-to-date news coverage, aggregated from sources all over the world by Google News.",Roubo,,Google News.,2,"Comprehensive up-to-date news coverage, aggregated from sources all over the world by Google News."
Vídeo mostra ação do grupo que tentou roubar avião na Paraíba - CNN Brasil,https://news.google.com/rss/articles/CBMisgFBVV95cUxOd3VzY1JOZC1lU2RfLUFXNnBaNjFZVU5RaUxZYlAwMUdfakNsaDFNUklpc2Z0aVRuNHhMOVI3T3AzV0lyUnJxMjFxMEJYZEp4a3BiWW1ZXzB6OFN5bW5tQjJsSnE4cmRnMnhTdExJQkk1MXM0eVZSUGJQT1Rkc3pfVEdPd3lrTzhiaWVvQXQ3eWNWMGxUMVdBemNfSm9QLW9weVVVdFpZS0hZNGg3Ym1MWldn?oc=5,"Tue, 14 Oct 2025 07:00:00 GMT",2025-11-04T18:59:54.122439,"Comprehensive up-to-date news coverage, aggregated from sources all over the world by Google News.",Outro,,Google News.,1,"Comprehensive up-to-date news coverage, aggregated from sources all over the world by Google News."
Anatel e Receita apreendem mais de 2 toneladas de produtos piratas na Paraíba - ConvergenciaDigital,https://news.google.com/rss/articles/CBMivgFBVV95cUxNdjhSeEZyV0ZBbS1SQXB0WlpKN2RXVjVodzZsX3FWekVxQXJYeW5hWDctUkpQTDJidkFZSnVGM0pPaDdOdmd4TjFZYW8tUjk4WXBKLWYxU2VJRHNZcE9IRWY5SzRia1J5T1RIdUV0WlZjTlFaTVNqdWNMdHpSQ2M5TExHajg4dzhTWEZibnJPRHN5ZjBKdWdZc0Qtdi16cGZ0QkZhQktRd3Z2TDRkMkN0MS1fWGJQNEl2VG1PWV9n?oc=5,"Tue, 04 Nov 2025 16:20:06 GMT",2025-11-04T18:59:55.876348,"Comprehensive up-to-date news coverage, aggregated from sources all over the world by Google News.",Outro,,Google News.,1,"Comprehensive up-to-date news coverage, aggregated from sources all over the world by Google News."
Polícia Civil deflagra operação contra o tráfico de drogas no interior da Paraíba - Repórter PB,https://news.google.com/rss/articles/CBMi5gFBVV95cUxPdDEzb3Z5dUI1LVJtcFI1YVJwMk0tWU04QlJpTFRkSEctWFhlQU5DZDJMeUZtNWV1SDM4T1lMcFhkU3ZPU1JLZXBIUUtXZEtGTEFhWW1JSzdJN3FielNhZUdkY2gtcG9NNzI2QVAtM0NkbHpLcFk1WGZjbVZVWEpWVzVDUzNkeUxzZ255M1IySUZsV1NKOE0xb0VwUEh4T0x2dVFTQ2pGQmp3WFJRSklTaW1LWFV3Ymk2WlgzYTdEaDJLOFJBRTU3dnNURHlRSzUyR1BwQXd2RUdjQmUxNGhIZmlTTWpNdw?oc=5,"Tue, 04 Nov 2025 15:27:00 GMT",2025-11-04T18:59:56.617058,"Comprehensive up-to-date news coverage, aggregated from sources all over the world by Google News.",Tráfico,,Google News.,3,"Comprehensive up-to-date news coverage, aggregated from sources all over the world by Google News."
"Deputada petista da Paraíba diz que operação policial no Rio de Janeiro foi ""Desastrosa e matou inocentes"" - Fonte 83",https://news.google.com/rss/articles/CBMixwFBVV95cUxOOGMyVXlVX2V4YWROM29MQlFMNXh1YmFJb2F0RWlNQVRPaUthSzBTRW9FSVh0OHg4XzA1bjl3ODloblFlT3BEQmdCNFNfN190bmpWTnd4NUNYQmkyMWRXX0VnS01tUm9RcjNNZlRLLXF5dUx4X2o0WVA3V251d1dXMXRUaUdoZTBoTXVFQktlTlhJcTZVNURjOFMzVWpXcjZEYWxFSTJkODhqa0owNDFlZzV3YUV3clRaR1RrNl9IYkdIWlZpaV9B?oc=5,"Thu, 30 Oct 2025 14:33:33 GMT",2025-11-04T18:59:57.373441,"Comprehensive up-to-date news coverage, aggregated from sources all over the world by Google News.",Operação Policial,,Google News.,2,"Comprehensive up-to-date news coverage, aggregated from sources all over the world by Google News."
Operação policial mira crime organizado na Paraíba e cumpre 14 mandados de prisão e busca e apreensão - Blog do Marcelo José,https://news.google.com/rss/articles/CBMi1wFBVV95cUxQa1BMNzdjWWN6eDhGX2dMbGowLUxEeE1uMnEwLVctYkxxc0Z2YnZ4NUJ3c1Z1WGdVMUNLTmJFdDhQWV90QndDSEhTMVpjTWNXQi1Ua3ZpTFBscEtjQTE5X2lSdXBYWW9Ic0ZQQmowTFZFZFJuREpJTGlhR1NpM3JhV09iNXlrZTVkdV9LU2dlVjg3WWF2a2hQRTdEUnNtZnc2ZEw4X1NVblBLVnNmeE9CMmpxczhWTTdORXFEbHljOTJFV01EZ1lEUWdmazZCZUtLajJQUWVGNA?oc=5,"Thu, 23 Oct 2025 10:56:18 GMT",2025-11-04T18:59:58.381550,"Comprehensive up-to-date news coverage, aggregated from sources all over the world by Google News.",Operação Policial,,Google News.,2,"Comprehensive up-to-date news coverage, aggregated from sources all over the world by Google News."
Justiça mantém prisão de PMs por chacina na Paraíba - CNN Brasil,https://news.google.com/rss/articles/CBMipAFBVV95cUxNVXo0TGFNdUxlMzlwZmVueXVoQ0FCblFwelVqaHZfbTFwSF9fbFY3US0yNnBHcEQxN0tzSkhGeXNxZEtsdlVLU3RBMTF6Unc5a1FyOU5nNkNpOTlEVlFQTUllQWFTTUJKSkNZWVhGbEdqOVBIMWswUWpITGotY0xOd0lnNmwwU05EU29xR3NQSF9aOXluVHpQZVRpU1VIMnJxQ3htRA?oc=5,"Tue, 19 Aug 2025 07:00:00 GMT",2025-11-04T18:59:59.129053,"Comprehensive up-to-date news coverage, aggregated from sources all over the world by Google News.",Outro,,Google News.,1,"Comprehensive up-to-date news coverage, aggregated from sources all over the world by Google News."
Operação policial prende na Paraíba acusado de matar procurador-geral no estado do Ceará - Polêmica Paraíba,https://news.google.com/rss/articles/CBMi5wFBVV95cUxOeEdramdkbEY2Yy1jMjM4VEVmazhQY2F6R0ktS1ZFVnZsaDVySEExMGp1TV9qTFF0a09CQ0tDYlg1TGRpZGRRb0FJQmxMblNaSkRBMkZ5b2lkWjZIeHd6Mm9NNGxJeG1HVnlCZ3o1R1B1YWFWT3BHeFpFb2kyeEpEbFFocC1iRmxIdHVhaWk1SzBpc3NCNV9qemViQVhzWVhiWTZ4cFpNZXZhNHpBYVBVN0dZOEJQVzVKWUotN21ESU1GQlBhNjdKMVM5Yy14STNLMGotd1BRcHRPN1F2aExGRWdvS2MwUFE?oc=5,"Sat, 01 Nov 2025 19:11:10 GMT",2025-11-04T19:00:01.826390,"Comprehensive up-to-date news coverage, aggregated from sources all over the world by Google News.",Operação Policial,,Google News.,2,"Comprehensive up-to-date news coverage, aggregated from sources all over the world by Google News."
Operação policial é deflagrada na Paraíba contra facção criminosa envolvida com tráfico de drogas - Portal Correio,https://news.google.com/rss/articles/CBMixgFBVV95cUxPSVpWci1maVZTVkhSTWFQOXRkbTlPVXZST05ESl9CU0xwdTlwSXpQTFY0TXctOElUOHNfbFVXWmpJMy1XYVAwU2l3VUk2X3dYQWZ5RmQ4T0Ffa1lQWnJEU0hWQ2I4ZHJNbHo1bmljRlV6ZkJZRzlHU3RxZ1FRb053UzJDYWExZy1ld3c4ZmNvSG43RktqRkdDLTN6V3FhMEh1MF8teFlTLWgtZXZHMi1ZUGt2NWxGZXVLdmR3VVJEc1hKX192YUE?oc=5,"Thu, 23 Oct 2025 07:00:00 GMT",2025-11-04T19:00:03.053582,"Comprehensive up-to-date news coverage, aggregated from sources all over the world by Google News.",Tráfico,,Google News.,5,"Comprehensive up-to-date news coverage, aggregated from sources all over the world by Google News."
Facção que movimentou mais de R$ 630 milhões tem ligação na PB - ParaibaOnline,https://news.google.com/rss/articles/CBMitwFBVV95cUxNZWVnT1lqZm1NQlZBaThRQjhwZmdrRUF2cmJGVXc3MTBmV0hmZFdMbEx1Vng1eFhuVDdTcDdwUnU1VUJNZV9nT0JsLXBJU3ppNDJfUnNNVTYxajBGanVXUGIxZTBCSmplYzAwOXNzc2pHQXpaUGJkY3NwcW51R2s4Ykk3NjNGaURnUnhkN3poc05VZ2pvV2xBMnZuZUwxYlBsQzlkQmgzUHJJQXVkaGYyTmFPem4xM1E?oc=5,"Tue, 04 Nov 2025 12:00:45 GMT",2025-11-04T19:00:04.935501,"Comprehensive up-to-date news coverage, aggregated from sources all over the world by Google News.",Outro,,Google News.,2,"Comprehensive up-to-date news coverage, aggregated from sources all over the world by Google News."
Polícia Militar da Paraíba prende em Cabedelo homem acusado de integrar facção criminosa - Fonte 83,https://news.google.com/rss/articles/CBMisgFBVV95cUxNczFod29Hd3lBczlEcXdMcWV4c3FzcFp6bU9tYnJ3NGhpTWxsYUVORjNQd2I2T1JVVWxnWVM3UlhPdzhnRmFWYTZGaW9EZUJQSWFCX25yZGxhbWREa0pZdFdKMWNISEZMZ0VjZUR4WmlRWjZoSFBfUmttc2ZuWE9XN1U3WTBqU1ptQnVoZ3R4WllNVnFranBVYkpNUlpqQmZ6Zi12UU1vMlZFTmdJaWM2ZVBB?oc=5,"Sun, 02 Nov 2025 16:19:46 GMT",2025-11-04T19:00:05.947597,"Comprehensive up-to-date news coverage, aggregated from sources all over the world by Google News.",Operação Policial,Cabedelo,Google News.,2,"Comprehensive up-to-date news coverage, aggregated from sources all over the world by Google News."
Foragido da Justiça e membro de facção é preso no Rio Paraíba - Paraíba Já,https://news.google.com/rss/articles/CBMikAFBVV95cUxNb1lPa2l6NTV4LTVBWWR5djdpT3NIMEhuOWw2X2I2S0V5NW93SjdxMlRoUFRmRE5BcE5RVXJoUG1MTWFXbWYzakJ3RGkyb0VRbDJtLU9mVy0zaGR5eHByM1RDYUp0OFB4b3lVUm44eVF4SzRRYmdVTVdlOEhyTFVYWmlxQVdGYUE1eTlVN0pUdnY?oc=5,"Sun, 02 Nov 2025 12:33:44 GMT",2025-11-04T19:00:06.710064,"Comprehensive up-to-date news coverage, aggregated from sources all over the world by Google News.",Outro,,Google News.,2,"Comprehensive up-to-date news coverage, aggregated from sources all over the world by Google News."
Líder do Comando Vermelho no Sertão Paraibano é preso no RJ - CNN Brasil,https://news.google.com/rss/articles/CBMirgFBVV95cUxOT1ozWlk0RUdFa3BYWXp3blpuWTlrTmtEdnZvWk9XMGVDMFJWeTZranpZb2xWOFV3TnhZU0dBOVFpMlJnNlVoNldDQ01fVXBqR1ZjZGJ2SkVCeWplRlFGQTZFaUJqa3NUdVN5N3hYQzluOExBNlFZRmp2d0hTckNfdVJhRlpYcmw4MmpvN3N3Y090RmJtM1hualk4bGVZMUpQVmxTa3RENGtfUUg0UlE?oc=5,"Wed, 21 May 2025 07:00:00 GMT",2025-11-04T19:00:07.460502,"Comprehensive up-to-date news coverage, aggregated from sources all over the world by Google News.",Outro,,Google News.,2,"Comprehensive up-to-date news coverage, aggregated from sources all over the world by Google News."
Comando Vermelho x Okaida: entenda guerra entre facções criminosas na PB - Jornal da Paraíba,https://news.google.com/rss/articles/CBMisgFBVV95cUxNMUkxS0VfOXAwQTRSampGeTJwUmY3RTh4S3Q4d1llWVgxUG55V004RGJ1QndCOWVpNktvbFpzQnVwdHdtWVplNUdNVUc3Xzk5NVRuN0hWR3pxdzd1VlpwUzVJTkc4QVlFOXlMeEFNSTdOeF9LS2JULUZYaHd5NmdPYVJEbVBzZGhPXzR6X0JTVTNITUZ1S1V2dF9iUzdYWXowQ1pVUExNZmpuRTJCZFp6OGd30gG6AUFVX3lxTE5aeWNadTlza2NjWmRNaHBjOVNFampjWVF2TExvN2lHSlBoVkNjd0gyX0FJQW80b0RKNkxzWnU4SlN4ZDF0TTRjOTE5dUxHN2p4bFJhMGVrSHlQcEhPTXJMOHVEVTF4cnhtb25wY2Y3SXdGSVZaZGxxaVdNM1hhMzd3dk14NTR5b09JWGJFbGFlQU1jemN5MXBxZDFmTzVjemdtWEJuYS1FdXIyQXp1REdMamtBUzFOUVoyUQ?oc=5,"Sun, 05 Oct 2025 07:00:00 GMT",2025-11-04T19:00:08.670199,"Comprehensive up-to-date news coverage, aggregated from sources all over the world by Google News.",Outro,,Google News.,2,"Comprehensive up-to-date news coverage, aggregated from sources all over the world by Google News."
Governador da Paraíba comenta proposta do governo Lula contra facções - ParaibaOnline,https://news.google.com/rss/articles/CBMiuAFBVV95cUxQNVA5Q0NGQmpUekFUZjR6aTAxYlBLZjJRRDBpWXFJUHM4RF9xd09DNTl5RXJkdmc2SHZTQkJKeHFlX3VONjJ3NW93aTJGZXdEcWhZRGU3MWRZZlN5NklkVFlBU0tNM0VLb01FRmJEcUV1Q0toNGJ4Z2RUelBJSFFuV1BHMHJqMTB5Nk1uUEJqUEcyWno0dG1fRXBWcEo1amtrZEVIb1hHbUZSdm9NSkU3TnNzU2JJX1BR?oc=5,"Sat, 01 Nov 2025 13:06:59 GMT",2025-11-04T19:00:10.100153,"Comprehensive up-to-date news coverage, aggregated from sources all over the world by Google News.",Outro,,Google News.,2,"Comprehensive up-to-date news coverage, aggregated from sources all over the world by Google News."
Facções brasileiras causam temor e países vizinhos reforçam fronteiras - Paraíba Já,https://news.google.com/rss/articles/CBMinAFBVV95cUxQbGhZaTdKeWlFclU1VjRPNXRVRXhKaHF5Y2VUTlJZQUM4WkNVbThoTk0tbGxHbFJZSFJ2eDQwWDBTMS1uY3N2Z3ZNNlowMGN5VVAyeGwzVWhHOHMxRVJBZGpqc3dEMkVQMWFEWDRBeGpQVmUwa05DUDY5OElLa2NncmdIMWVhSUhWcERaUzZ1UkwxTTJiT1RTTTM3MWU?oc=5,"Mon, 03 Nov 2025 16:08:12 GMT",2025-11-04T19:00:11.075043,"Comprehensive up-to-date news coverage, aggregated from sources all over the world by Google News.",Outro,,Google News.,1,"Comprehensive up-to-date news coverage, aggregated from sources all over the world by Google News."
Senado instala CPI do Crime Organizado para investigar milícias e facções nesta terça-feira (4) - Polêmica Paraíba,https://news.google.com/rss/articles/CBMi1AFBVV95cUxQZ18xOWs4SG41Nk1jamNNdjRqdktlby12R1BGa3RQa1FJbEc4eFVPc18ybnc0a1M3aTZtVWFIMVF6ZGltZUVZWDBCUFYxeHpvNndyaGh2VlVxQ2Nrd3hmbGRnVi11YW5kZngtbDVHM2tSNGFhTTVzTDZDNm5yMXo0Slp0bWNmSkVveEdfNWV3N202ODM1UnhKWF84cmliblJhWEhmaGpLRmZ3bTZqM0JoWEtqbGF2U0diN0IzTzh3UFFpMDhOMm5GVDB5XzFxWVlGYmdvWg?oc=5,"Mon, 03 Nov 2025 16:30:39 GMT",2025-11-04T19:00:11.824597,"Comprehensive up-to-date news coverage, aggregated from sources all over the world by Google News.",Outro,,Google News.,1,"Comprehensive up-to-date news coverage, aggregated from sources all over the world by Google News."
Sargento Neto afirma que ação do STF contra operações ajudou facções a se fortalecerem no RJ e cita expansão na Paraíba - WSCOM,https://news.google.com/rss/articles/CBMingFBVV95cUxQNkVPLVlocEtBVjUyNjd4NU5yV3ZRZTM1eE12bk1mU0xHeWNHY3pnMXc4eXh2bjZPeFpEM1hYMmJpTGRXQk13MmtoRXo0Q0NjZ2xZdFVUZGRIaE5ucUFMUktsU0V5SkhuUGNXNlM0TUg1dXN6VW5RdHJhNThydzFTOVVsU0NCU2o2ZVNKeHd1ZlNsOGNuMGNCQnFnSElCUQ?oc=5,"Fri, 31 Oct 2025 19:49:41 GMT",2025-11-04T19:00:12.811475,"Comprehensive up-to-date news coverage, aggregated from sources all over the world by Google News.",Outro,,Google News.,1,"Comprehensive up-to-date news coverage, aggregated from sources all over the world by Google News."
Operação cumpre mandados para desarticular estrutura de comando de facção criminosa na Paraíba - Jornal da Paraíba,https://news.google.com/rss/articles/CBMi0AFBVV95cUxNcXlrSFp2ZFZhbWRVUko3dXRONlJuWWpwU1VPaVZRVmd1ZVlFajJPRm00WmdpUUo5UjcwNzNQWktwcGUxOVJHTEtGbjhPSTNTX0JpWlQwLXBBZHd3N3JSUGN0M3ZyOXNSQ1FaZ0duWGZiRkd0WWx2SGNVcWtCdDk0Unc2d01hdklkaEo2ZExfdWxDZHR5N3RWSS1yNUNYTFJIN2szZUtIVGdnazFPbmxWc1lVVkJFU0pYOENfRzZfLTF4dEJzckVVT1ZKU1puMjNP0gHYAUFVX3lxTE1wTUpJbUo1MFE1Nl9LZnlkWFhRMVA1YXdua2dzQldzNDFNRGtQZE95c09tdDRDMWFyNFIzRnpGNS1QODh1SXhMbFpManlHdXpjQ3REQmNYM2c4bVJnVU11VVg3bER2ZlhwdUJTdmR6emtJbUVUWWRJcnFPaUFxRGtqdXh5RXJPRGNsRkhja3JwNFQ0bDFybk0wSWRza1AxZks2WDYtN2ltREdqdWE4dG5yUWF5SEpzRUtMTjlrY0g1b3U3czJLdnEtWGlyYzAxbzVLcEtMN1EyNw?oc=5,"Thu, 18 Sep 2025 07:00:00 GMT",2025-11-04T19:00:14.037221,"Comprehensive up-to-date news coverage, aggregated from sources all over the world by Google News.",Operação Policial,,Google News.,2,"Comprehensive up-to-date news coverage, aggregated from sources all over the world by Google News."
PF prende homem ligado ao Comando Vermelho e foragido por crimes na Paraíba em embarcação na Baía de Guanabara - G1,https://news.google.com/rss/articles/CBMihAJBVV95cUxPdFNQYW85cHd4TEVvTmdOMFIwS0JDV2JyZ1RaMlhWUmNkUUlheVkyYS1xcmx1SFhVQy10eHcwTzVCanl0UW1JWXJVek5leUdIR295c3lvZ2ZKbEZ6MTdPRXJoTi1CZVNRVldDLWx4U01ySk1zYmFqOVphUWQ0T2d3YlhxU2FGV2RsS3JFem12RWpfX3VOdmZra0VrcVlpLWhVLV9QbHlna3NWc3I0dlBORHZvNWh1R3V4OGtVZkJKODE5ZWItRUlrdkRzQjQ4MmJwUDhNbUdCWWZsb3FVV1U0QnM0Rnc4T2hPM1ZUeThkWG1udm9vWHVOVy1DNGJQYWp3MWpQcNIBkwJBVV95cUxPazBhc0lUV25EVGloMHlLOWtnYVRUUVZnLXdUeEQ0a0JRZjhrZl84OHJKRE44a0prMUhmUUZxbGFPZXdodnU5N3ROX3RiRVUzZG5XMkVLWFpMbzRqcGNNVFhGeUo5Y2x0amJLNkJ0dUsxem9xTElrMjNuSUF4Tml5UWppc21NeGFRNFRPTU9kajZvbi0tNWsxTUNKejdjQ21jMFJWMmV2eUYtckxid3NodkFwOWZxbWREZVNoNW95cGZjbGdnTDRtUVlUQmF3Xy10YVN0ZWNLWnB6QWRqNGxOSGU3clAwTE9HX1VfMkpsSC0wdWRQRUs5X0diOEJPYmhnUi1yNnZFS3M5S1BUTElabUp2QQ?oc=5,"Thu, 30 Oct 2025 19:23:27 GMT",2025-11-04T19:00:15.614720,"Comprehensive up-to-date news coverage, aggregated from sources all over the world by Google News.",Outro,,Google News.,2,"Comprehensive up-to-date news coverage, aggregated from sources all over the world by Google News."
Traficante paraibano está entre os presos na megaoperação contra o CV no RJ - CNN Brasil,https://news.google.com/rss/articles/CBMiwwFBVV95cUxQd1h3d05QeU90Z3BYajBmNG4xb1pWcllBMDg4dVNtR0tLb1BFT1ZqUUZUYlM5NVktbHBmeHQ3V2w4VG1tellRZUYzU2R5a0VMWFZ1TFNNb2w0LTU2ZnVOVnlKbHUyQjlVamdBQlhBUVpQTjBmZXlMb1VmTnJpU2tUS2JZQ2JmNVFvTEtvMVBBLTlmWUotMFNWX0pzZDBrZzM1eDhGa1p4OFlQaS03WHJiaFM5SlF2Z3ptMXV5REVGUjVfaW8?oc=5,"Wed, 29 Oct 2025 15:47:02 GMT",2025-11-04T19:00:16.356668,"Comprehensive up-to-date news coverage, aggregated from sources all over the world by Google News.",Tráfico,,Google News.,1,"Comprehensive up-to-date news coverage, aggregated from sources all over the world by Google News."
‘Braço-direito’ do Comando Vermelho na Paraíba é preso em megaoperação no Rio de Janeiro - Portal Correio,https://news.google.com/rss/articles/CBMitwFBVV95cUxOTkRMeTdQYTYySlJWZTk3ZnBDNDFzZXloaTZWUVpkVGgwWTBTeGRkbzZ1bG9mQ1hZeVU2ejhDRmo1c2o3NEZhSUk1ZVJVR0xieEp4TmNsMlVkUFIxV3gzY0puMlJyMnliMGM1YXhvdExsWE4zY3loNzNWMXd0eWtBeGZlVXlERzJWRm1lcTFjYjJ1NnJGaFJwRVdJb2xfU08xUi03c3FSVGZOb1ZJOGxrVUN5Q29ZTk0?oc=5,"Wed, 29 Oct 2025 15:54:00 GMT",2025-11-04T19:00:17.570179,"Comprehensive up-to-date news coverage, aggregated from sources all over the world by Google News.",Operação Policial,,Google News.,2,"Comprehensive up-to-date news coverage, aggregated from sources all over the world by Google News."
Operação contra Comando Vermelho na Paraíba prende suspeitos e bloqueia R$ 125 milhões - Folha de S.Paulo,https://news.google.com/rss/articles/CBMiygFBVV95cUxPdDJKckJYZUN2Nnh3WHhsajNQM1QxbE9YMl9FYnhIUVhZUDJ0WUVnOEFnM3B1eG9FYkR4MmcxanlkVElHNlVoeDBxUXBFeDBBYlhnNFlzbFM0SzRXbHlGUW5KN2ZMSGlJUkZLa2M2TGZ3OE9JZHVHb0g1VjQyRzZSTE5HNE1ORWlNX0d0Um1zNGFxZnNxTERXMGY2V3JMVWQxcWR2X200VEhPRElvM0JaYmZILV93a3dmazRLajZKQ2x5WmVyM0lNZlVn0gHPAUFVX3lxTFBvOVB3ZzY5U0pobnJkV1gtYUE2YkFrME03YU1vZFJBd2kyYV9pTFpGYnFUQWhlVmd0UHRyZk5jWVNsdnlZVzBIZjNFUVIwWGxTemJTbmM4b3NvWHI0VDM2TE13ZUl3Nk9FMmtSdk51eS1oNWJiTUdBLWFfSHJyY0VKOVRxeTUwNENwSm9VeHVSdkZSLXN3VTZ0NkNyU1IyUGxCNTZOektTdzVVbWpQNXNSZFg0eW5xOWx6VWdDV2tnaTUyZk9lbXlJcHZ6Y2cwRQ?oc=5,"Tue, 30 Sep 2025 07:00:00 GMT",2025-11-04T19:00:18.316441,"Comprehensive up-to-date news coverage, aggregated from sources all over the world by Google News.",Operação Policial,,Google News.,2,"Comprehensive up-to-date news coverage, aggregated from sources all over the world by Google News."
Traficante do PCC e filho são presos em operação na Paraíba - CNN Brasil,https://news.google.com/rss/articles/CBMirwFBVV95cUxNWmtHdldSYzdsaUI3Z2s5N2hoZHRXYVNka0VhZjgtUENzdDNUZjM1Vkc2YlM1OEdDcUZKTVdXa2lKZ0ZkRVRXSG5xbnNaQTQ0TmhSQmlsQVNNLW5jbXhCODY5X2VDWUJVOVJwTjJZUEVzOTFwYmZOZkJvbzdTT3JhLXVzVnlWMzk5NHVOYXJXQkFBb0VPXzktYnVMMWxiSzFSUWJuNlA3bEpqNWlYcF9j?oc=5,"Fri, 28 Mar 2025 07:00:00 GMT",2025-11-04T19:00:19.874075,"Comprehensive up-to-date news coverage, aggregated from sources all over the world by Google News.",Tráfico,,Google News.,2,"Comprehensive up-to-date news coverage, aggregated from sources all over the world by Google News."
Aliança entre PCC e CV é confirmada na Paraíba e em outros estados: “o crime fortalece o crime” - Maurílio Júnior,https://news.google.com/rss/articles/CBMiywFBVV95cUxPYUVDaDhjUzA0c04xZ1hxSDBJYlJjcVcwQm1UYkxldXBEbHBuVUVKTkJyNDhxSWp3NWxwblBvd0dIV21TZ3R1TWpxeE5IWWo5RmNtZ2JsOEE5d2h2eHVSSHpVQ3dQZ2loRlFlUy1GSHdzaXJZQ3VheWY0Y1p1S0tiYk1mREVxajJnWGVjQmtKNjE0cjR1VUROOWVWNVVQSGZlMFp4c0dBdk5SQ1MybTMzWDRVeHBOVHZ2Z0o5cVRhMXV4UFZicHVfQl9XVQ?oc=5,"Thu, 27 Feb 2025 08:00:00 GMT",2025-11-04T19:00:21.875722,"Comprehensive up-to-date news coverage, aggregated from sources all over the world by Google News.",Outro,,Google News.,2,"Comprehensive up-to-date news coverage, aggregated from sources all over the world by Google News."
Foragido da Justiça suspeito de matar prefeito no RN é preso na Paraíba - CNN Brasil,https://news.google.com/rss/articles/CBMivwFBVV95cUxNMjVxX004NW9qRHBJVGtkQTM4a0dxTUdwNmZmRmgxbGxQUjBEN3pRcUNMZjJiY2paak1wXzlzMGlzX0ZWOEpscENzdnJGS1pFdnJzQ24xX0lpMEtsREczSHh1M0tOTURUN3o0akJGSFBHTXZjb0VpQjliUTRLbnhINVRVWGtkMHp1b2dMa2VtUVFZLXE2R2JmdDltczFPeHVlbWJLbmVJZGkxcXg3a0hYYklVb2JJZE1XWmlWb1RGbw?oc=5,"Thu, 10 Jul 2025 07:00:00 GMT",2025-11-04T19:00:22.617905,"Comprehensive up-to-date news coverage, aggregated from sources all over the world by Google News.",Outro,,Google News.,1,"Comprehensive up-to-date news coverage, aggregated from sources all over the world by Google News."
Como foi a prisão de mafiosos italianos parceiros do PCC em flat na Paraíba: ‘Maledetti’ - Estadão,https://news.google.com/rss/articles/CBMivAFBVV95cUxOZUdUVHBmSWd4YmRkT3I4OGJXTkJ4WC04QS1fNC1vc0UyZktKZnNxLWJ6VXlDbE10ZFhtSWpTUlA2YVV2dGUzd3pxTzBUVzNHYWE5TEtRQ2J4U1dsekIyZHhsOWVnRERhNThOM1d4am1vbmNSYjlVamtrN3pqQUlSTjJSbV9VeWRFRGRRWjFBLXBSaG9KWXd4LVl0a09YbGxVb3YyZ2hRV2VOM0ZVTllGT1A1MnZEYnVZS3NPWg?oc=5,"Sat, 30 Nov 2024 08:00:00 GMT",2025-11-04T19:00:23.384760,"Comprehensive up-to-date news coverage, aggregated from sources all over the world by Google News.",Outro,,Google News.,2,"Comprehensive up-to-date news coverage, aggregated from sources all over the world by Google News."
Cinco pessoas morrem em acidente em rodovia no interior da Paraíba - TNH1,https://news.google.com/rss/articles/CBMipgFBVV95cUxPOFdCdnMwc3FDUFloam9iV1h1ZDJ4UDEwY1FkLWdBREZZR2wzTnF4Ym1TeXBxalhrSlRHMUdmbGFFbHJ4cncwYV8zTjNFbG9ILUJVSVdJdVFyOWhKVzd4aWl4TktVX3FXeGdOaTA4OXNJbGJKdDRkd01NM2M5YmVJQ0pGSWNjREFHV3cyTllWMHFlQUhuSTZrS3Rocmh4UVdJVXAzcTJR0gGgAUFVX3lxTE1ySHdNb0JqMUdQSlZxQ1BJODM1Umg1WVItU3JNVDNMUEdlclF5WVNwQjhpLTVyZ3hJTHQtcTRTd0dGeWdaNXNrZ08yeWM5bC1WbHp3WlBDcnJ5NG1nOUY0MXQzNFhUemQwRHYzTlVjZUxSNFlmZFFzc2lhem91SnNqM2Z3NEE1bW8xdjhtZUtadWNiMlE5SFVTaWprNTJONnY?oc=5,"Mon, 03 Nov 2025 16:05:35 GMT",2025-11-04T19:00:25.114942,"Comprehensive up-to-date news coverage, aggregated from sources all over the world by Google News.",Outro,,Google News.,1,"Comprehensive up-to-date news coverage, aggregated from sources all over the world by Google News."
Acidente envolvendo seis carros deixa cinco mortos na Paraíba - ParaibaOnline,https://news.google.com/rss/articles/CBMiygFBVV95cUxNMlBXM2FScFNMWDZwYjJjQ2NzdzBVTXh1U09jeW5uci1lZXF3dkQ4dGZQdnJRZWZma2R4Q3lwaTJsbVk3WmExQmZnSUdwZE9yTHY3R0dEQ1Q1b196SXJ1UXpKdmJyWWI4MUt4VFpra2ZVWnY4cklIbXVrVm5BNFJpQ2c2Ri1za1FkZnBUVTN6UXV3LWpNVDlfTGx0YkZ3aFhsZkJiR3RlVjFJdGZFNUZUazZJM3VSN2xUR2tEZ0RNd3NJN1pFNW9jVEVR?oc=5,"Mon, 03 Nov 2025 11:24:46 GMT",2025-11-04T19:00:25.855422,"Comprehensive up-to-date news coverage, aggregated from sources all over the world by Google News.",Outro,,Google News.,2,"Comprehensive up-to-date news coverage, aggregated from sources all over the world by Google News."
Acidente envolvendo seis veículos deixa pelo menos seis mortos e 11 feridos na Paraíba - O Dia,https://news.google.com/rss/articles/CBMiugFBVV95cUxPbERzNzM4OTZrRTRWQkFlMno2aDJXdEFkYVBzRk9lSGtZNFpqc0Q5bFdDNEpNd3VveHd4WERvRi1ZbW1lVTNPMFhrNVRleHBfWUZxclNpMFFuaVhVTUtPcXd2RWoxbGRjNGNGaW80LWN5aGFRem9ZcUx4dlpCQXd0NHJLeHU3by1ZVVZvU0NCdWpPVzI5c01FUmFhMEFvNUphMHRJcTY5eUhEUmZWcWplX18zOENfbFN6WHfSAb8BQVVfeXFMTXlRSHplTVBucHFLRDFmaFVUTkxpemZjeGM0aXB3T2dXYXVaelJjaHNlcEVrLUF0aGN2WnFPMS15WkFYSmZadVEtdk0wd1Q0djMtSDB1bldkODBjTXY4ZmdEWVNIQXhHZnVpYlFTaDFsMTV1Ui1ETkhJcG1vTTdaMi1EQWlBamdYdThQdUI2RVN6M1dsZS1YVzhlQ0NzTWIzYWRpQW50cUVZSmJ5YzNybGtkX3VQTV9SbUpOejBsYVE?oc=5,"Mon, 03 Nov 2025 14:31:00 GMT",2025-11-04T19:00:26.617988,"Comprehensive up-to-date news coverage, aggregated from sources all over the world by Google News.",Outro,,Google News.,1,"Comprehensive up-to-date news coverage, aggregated from sources all over the world by Google News."
Crocheteiras de Boqueirão têm oficina com Ronaldo Fraga e resultado será apresentado no 41° Salão do Artesanato Paraibano - Paraiba.pb.gov.br,https://news.google.com/rss/articles/CBMi9AFBVV95cUxPakdhdDJKYm91dlB1ZWkxdDVFTlVab3N3aGlmY3JaU2g4ZzBVU2J0UTR6ZldfYk9DX3FSVVlULU4xV09vRjZVRDZ2UUxJR3gtNTI2OUlOeVNoUHFHQjNmeEYyYTU4UHRtVnIxcDdaU2lsdzgydEF5OGRHVEtpNE05NFBienFQOTV4NGhrN1ZLMHhsTGJsQWszelViZTJZb01BMmlnRmZGQkNQZHFHUjNTZnNneG42NnJTZjVmdm9SYklvS3Y2MGY0dTlhR2RoWm1wYk5lUTlSUjdtUlplbWVaWUMyUTgyTzQ1dmYtWjY5Um11QUF6?oc=5,"Mon, 03 Nov 2025 21:47:00 GMT",2025-11-04T19:00:27.844930,"Comprehensive up-to-date news coverage, aggregated from sources all over the world by Google News.",Outro,,Google News.,1,"Comprehensive up-to-date news coverage, aggregated from sources all over the world by Google News."
Pai que matou filho asfixiado viajou de SC para Paraíba para ajudar nos cuidados da criança - NSC Total,https://news.google.com/rss/articles/CBMixwFBVV95cUxNOWJXdkVmUWNUY2VsV203TklOaXNMaDdFamY1dnNOYlFmXzloNHNYVFJ1UWlzdmlLMVVWWjgzYTJibFVSSmlNMzBUaXQ2RTNudnZTM19wTVJzWEdZM1lEN1pCdGhUczZseWx6eHhWdllaUGFYOWFsU0tjU28wTEZwaXRRX1B5ZkY0R0J0T19MMkZFZDZLNTBMLUItNDN5RGpsV2xUb2Z1Zmc2NHRtUnJnYm1MUzRmQTF2N3NqR055LWFKODdBb0JB?oc=5,"Mon, 03 Nov 2025 18:44:00 GMT",2025-11-04T19:00:28.659873,"Comprehensive up-to-date news coverage, aggregated from sources all over the world by Google News.",Outro,,Google News.,1,"Comprehensive up-to-date news coverage, aggregated from sources all over the world by Google News."
Veja a previsão do tempo para esta terça-feira na Paraíba - ParaibaOnline,https://news.google.com/rss/articles/CBMirgFBVV95cUxNZzJPR085T2djaFN6ZHlEN3FRQkJmVnpCR3pBOGFBaEdCY25sbWtJV3l2Mk4xZHVacHhTUzhrb0J3bTVnLUZhMnlrZG9XUUhsTVpybmIzUXhvVEtGb2NhU19hNjZmNHhwbmlhdVJZa3JtSGcxM3dNaXg3U1ZJUUlsNEhfSF9sMVJYb0NTMGpSYUVMbU9TVzhGRl91WGxjb1FwS0M1QUFWb2xsZFd4Mnc?oc=5,"Tue, 04 Nov 2025 10:30:54 GMT",2025-11-04T19:00:29.403747,"Comprehensive up-to-date news coverage, aggregated from sources all over the world by Google News.",Outro,,Google News.,2,"Comprehensive up-to-date news coverage, aggregated from sources all over the world by Google News."
"Festival Arrasta Axé acontece no Museu de Arte Popular da Paraíba, neste sábado (8) e domingo (9) - UEPB",https://news.google.com/rss/articles/CBMiswFBVV95cUxQM1BmcjcyZmNQQnhFbmNGdTZTRXU5bzlaQVo4T21mMm0zMjRvTUF3dVNJY3JwOEpIUXFKUklkTVJIc3Z4dW1OZG9CVDlTR1FiRE84N2NDZUZvbDI0a0pHUlpLZ19vQlotQ1VOYmlteGNtVUw4RTJaSlVLQ0tjUUJXVG5LV3BPNGpkMFVQTlVkTV9wMm4xRmw2dkI2SWdmcm5xUkZvU1lxcTZlQkhyU0NrM05OZw?oc=5,"Mon, 03 Nov 2025 19:34:37 GMT",2025-11-04T19:00:31.275434,"Comprehensive up-to-date news coverage, aggregated from sources all over the world by Google News.",Outro,,Google News.,1,"Comprehensive up-to-date news coverage, aggregated from sources all over the world by Google News."
Sine-PB oferece mais de mil vagas de emprego em 13 cidades da Paraíba - Portal Correio,https://news.google.com/rss/articles/CBMioAFBVV95cUxOb2ZOSEl5dnlzYzdVcVVHYkdJaXV1YkpEeDVyc2loUTRlWFU3dlJaWlNNcEJFZ25WaEI4Mld6dXJfZTdlY0VuNVUwNTZGMWR1aml1NFdKUVBZaDRyN3BSUGJlXzNPLXotNmxRSjFLb1BRNXo4V2RIeWI4OFVYd2VTR1QwSzVMUldyN21WN1J3MklYRDhJeF81SC1vMW9EanZZ?oc=5,"Sun, 02 Nov 2025 14:47:00 GMT",2025-11-04T19:00:32.045331,"Comprehensive up-to-date news coverage, aggregated from sources all over the world by Google News.",Outro,,Google News.,1,"Comprehensive up-to-date news coverage, aggregated from sources all over the world by Google News."
